Titolo,Prezzo
One piece. New edition. Vol. 1,"5,60 €"
One piece. New edition. Vol. 2,"4,94 €"
One piece. New edition. Vol. 3,"5,60 €"
One piece. New edition. Vol. 27,"4,94 €"
One piece. New edition. Vol. 30,"4,94 €"
One piece. New edition. Vol. 37,"4,94 €"
One piece. New edition. Vol. 34,"4,94 €"
One piece. New edition. Vol. 35,"5,60 €"
LEGO One Piece (75639). La nave pirata Going Merry,"123,49 €"
One piece. New edition. Vol. 32,"5,60 €"
One piece. New edition. Vol. 29,"4,94 €"
One piece. New edition. Vol. 28,"4,94 €"
FUNKO POP Animation: One Piece (Refresh)- Sanji,"16,14 €"
One piece. New edition. Vol. 5,"4,94 €"
One piece. New edition. Vol. 7,"5,60 €"
One piece. New edition. Vol. 8,"5,60 €"
One piece. New edition. Vol. 26,"4,94 €"
One piece. New edition. Vol. 4,"5,60 €"
One piece. New edition. Vol. 40,"5,60 €"
One piece. New edition. Vol. 6,"4,94 €"
